event_type,start_date,end_date,depth,EVENT_NUMBER,EVENT_CAT,EVENT_DURATION,EVENT_ONSET_RATE,EVENT_DECLINE_RATE,EVENT_INTENSITY_MEAN,EVENT_INTENSITY_MAX,EVENT_INTENSITY_VAR,EVENT_INTENSITY_CUMULATIVE,EVENT_INTENSITY_MEAN_RELPERC,EVENT_INTENSITY_MAX_RELPERC,EVENT_INTENSITY_VAR_RELPERC,EVENT_INTENSITY_CUMULATIVE_RELPERC
MHW,2010-04-28 12:00:00,2010-05-30 12:00:00,2,1.0,2.0,33.0,0.492,0.089,2.726,3.947,0.729,89.945,1.226,2.434,0.729,40.464
MHW,2011-01-30 12:00:00,2011-02-04 12:00:00,2,2.0,1.0,6.0,0.225,0.159,1.587,1.965,0.265,9.524,0.351,0.718,0.253,2.104
MHW,2011-04-11 12:00:00,2011-04-15 12:00:00,2,3.0,1.0,5.0,2.504,0.171,2.114,2.504,0.202,10.568,0.614,1.02,0.212,3.068
MHW,2011-06-23 12:00:00,2011-06-27 12:00:00,2,4.0,1.0,5.0,0.474,0.179,1.808,1.963,0.113,9.04,0.353,0.504,0.11,1.763
MHW,2011-07-04 12:00:00,2011-07-11 12:00:00,2,5.0,1.0,8.0,0.158,0.414,2.204,2.563,0.374,17.636,0.744,1.107,0.374,5.955
MHW,2012-07-18 12:00:00,2012-07-23 12:00:00,2,6.0,1.0,6.0,0.169,0.411,1.687,1.831,0.097,10.119,0.199,0.344,0.097,1.196
MHW,2013-08-29 12:00:00,2013-09-03 12:00:00,2,7.0,1.0,6.0,0.36,0.145,1.382,1.576,0.167,8.291,0.236,0.403,0.158,1.418
MHW,2013-09-22 12:00:00,2013-09-30 12:00:00,2,8.0,3.0,9.0,2.814,0.302,2.963,3.89,0.424,26.667,1.816,2.767,0.436,16.347
MHW,2013-10-04 12:00:00,2013-10-15 12:00:00,2,9.0,3.0,12.0,0.225,0.842,2.756,3.657,0.506,33.074,1.551,2.457,0.516,18.616
MHW,2013-10-20 12:00:00,2013-10-27 12:00:00,2,10.0,1.0,8.0,0.116,1.559,1.432,1.559,0.09,11.454,0.267,0.37,0.09,2.133
MHW,2014-04-14 12:00:00,2014-04-18 12:00:00,2,11.0,1.0,5.0,1.815,0.067,1.704,1.815,0.086,8.519,0.183,0.302,0.088,0.914
MHW,2014-04-27 12:00:00,2014-05-09 12:00:00,2,12.0,1.0,13.0,0.148,2.885,2.546,2.885,0.209,33.103,1.034,1.364,0.198,13.443
MHW,2014-05-13 12:00:00,2014-05-20 12:00:00,2,13.0,1.0,8.0,2.385,0.097,1.987,2.385,0.251,15.894,0.494,0.838,0.223,3.955
MHW,2014-05-28 12:00:00,2014-06-03 12:00:00,2,14.0,2.0,7.0,3.012,0.307,2.548,3.012,0.301,17.835,1.086,1.534,0.291,7.603
MHW,2014-11-12 12:00:00,2014-11-16 12:00:00,2,15.0,1.0,5.0,0.02,0.203,1.313,1.334,0.016,6.563,0.107,0.122,0.012,0.534
MHW,2015-02-07 12:00:00,2015-02-16 12:00:00,2,16.0,1.0,10.0,0.869,0.112,2.17,2.395,0.218,21.7,0.826,1.097,0.251,8.26
MHW,2015-08-16 12:00:00,2015-08-20 12:00:00,2,17.0,1.0,5.0,2.015,0.249,1.837,2.015,0.104,9.183,0.468,0.615,0.086,2.342
MHW,2015-09-04 12:00:00,2015-09-08 12:00:00,2,18.0,2.0,5.0,0.402,2.709,2.249,2.709,0.358,11.243,1.184,1.653,0.367,5.919
MHW,2015-09-29 12:00:00,2015-10-06 12:00:00,2,19.0,2.0,8.0,0.3,3.494,2.641,3.494,0.403,21.129,1.447,2.277,0.392,11.579
MHW,2015-10-10 12:00:00,2015-10-22 12:00:00,2,20.0,2.0,13.0,0.501,0.204,2.295,2.972,0.447,29.829,1.122,1.772,0.43,14.585
MHW,2016-01-26 12:00:00,2016-02-23 12:00:00,2,21.0,1.0,29.0,0.053,0.412,1.83,2.461,0.273,53.068,0.511,0.991,0.281,14.812
MHW,2016-06-07 12:00:00,2016-06-16 12:00:00,2,22.0,2.0,10.0,0.21,0.644,2.329,3.041,0.371,23.287,0.882,1.604,0.378,8.822
MHW,2016-06-20 12:00:00,2016-06-27 12:00:00,2,23.0,1.0,8.0,2.326,0.192,1.88,2.326,0.212,15.041,0.42,0.854,0.207,3.359
MHW,2016-08-05 12:00:00,2016-08-28 12:00:00,2,24.0,2.0,24.0,0.292,0.133,2.144,3.315,0.6,51.456,0.758,1.874,0.566,18.196
MHW,2016-09-01 12:00:00,2016-09-07 12:00:00,2,25.0,1.0,7.0,0.257,0.106,1.235,1.628,0.183,8.642,0.145,0.508,0.164,1.017
MHW,2016-09-20 12:00:00,2016-10-01 12:00:00,2,26.0,3.0,12.0,0.401,0.655,2.357,4.039,0.881,28.287,1.212,2.887,0.873,14.542
MHW,2016-10-07 12:00:00,2016-10-23 12:00:00,2,27.0,2.0,17.0,0.99,0.119,1.882,3.0,0.537,31.995,0.702,1.779,0.523,11.931
MHW,2016-12-04 12:00:00,2016-12-08 12:00:00,2,28.0,1.0,5.0,0.328,0.13,1.552,1.702,0.113,7.762,0.381,0.524,0.116,1.907
MHW,2017-04-17 12:00:00,2017-04-25 12:00:00,2,29.0,1.0,9.0,0.491,0.132,1.879,2.399,0.242,16.911,0.383,0.881,0.231,3.445
MHW,2017-06-29 12:00:00,2017-07-10 12:00:00,2,30.0,1.0,12.0,2.505,0.086,2.062,2.505,0.276,24.746,0.604,1.058,0.279,7.245
MHW,2017-07-18 12:00:00,2017-08-06 12:00:00,2,31.0,1.0,20.0,1.144,0.057,2.013,2.601,0.299,40.255,0.509,1.113,0.302,10.186
MHW,2017-08-29 12:00:00,2017-09-05 12:00:00,2,32.0,1.0,8.0,2.136,0.169,1.615,2.136,0.243,12.922,0.487,0.946,0.24,3.895
MHW,2017-12-22 12:00:00,2017-12-26 12:00:00,2,33.0,1.0,5.0,0.241,0.333,1.52,1.619,0.12,7.601,0.321,0.427,0.115,1.605
MHW,2017-12-29 12:00:00,2018-01-03 12:00:00,2,34.0,1.0,6.0,0.137,0.368,1.481,1.838,0.208,8.886,0.34,0.717,0.221,2.04
MHW,2019-02-22 12:00:00,2019-03-14 12:00:00,2,35.0,2.0,21.0,0.369,0.16,2.4,3.514,0.543,50.395,0.93,2.027,0.534,19.524
MHW,2019-03-18 12:00:00,2019-03-25 12:00:00,2,36.0,1.0,8.0,0.301,0.481,2.019,2.518,0.322,16.15,0.572,1.073,0.32,4.574
MHW,2019-05-14 12:00:00,2019-06-01 12:00:00,2,37.0,2.0,19.0,0.464,0.154,2.731,3.663,0.439,51.88,1.253,2.199,0.45,23.8
MHW,2019-06-06 12:00:00,2019-06-22 12:00:00,2,38.0,2.0,17.0,2.872,0.122,1.94,2.872,0.356,32.987,0.487,1.454,0.368,8.274
MHW,2019-07-27 12:00:00,2019-07-31 12:00:00,2,39.0,1.0,5.0,0.399,0.351,2.13,2.277,0.101,10.648,0.618,0.767,0.103,3.089
MHW,2020-01-23 12:00:00,2020-02-01 12:00:00,2,40.0,2.0,10.0,0.14,2.708,2.089,2.708,0.364,20.887,0.923,1.476,0.368,9.233
MHW,2021-03-30 12:00:00,2021-04-06 12:00:00,2,41.0,1.0,8.0,0.359,0.248,2.077,2.501,0.216,16.613,0.616,1.048,0.215,4.931
MHW,2021-10-20 12:00:00,2021-10-24 12:00:00,2,42.0,2.0,5.0,0.84,0.399,1.896,2.538,0.387,9.48,0.739,1.385,0.391,3.696
MHW,2021-12-11 12:00:00,2021-12-25 12:00:00,2,43.0,2.0,15.0,0.175,3.375,2.172,3.375,0.661,32.575,0.955,2.183,0.665,14.327
MHW,2021-12-29 12:00:00,2022-01-04 12:00:00,2,44.0,2.0,7.0,2.921,0.256,2.63,2.921,0.186,18.411,1.491,1.759,0.172,10.436
MHW,2022-01-09 12:00:00,2022-01-14 12:00:00,2,45.0,2.0,6.0,0.37,1.2,2.582,2.865,0.313,15.493,1.467,1.767,0.308,8.8
MHW,2022-02-04 12:00:00,2022-02-16 12:00:00,2,46.0,2.0,13.0,0.249,0.51,2.845,3.634,0.691,36.985,1.518,2.284,0.719,19.731
MHW,2022-03-14 12:00:00,2022-03-22 12:00:00,2,47.0,1.0,9.0,0.282,0.377,1.993,2.483,0.336,17.936,0.542,1.033,0.336,4.876
MHW,2022-04-17 12:00:00,2022-05-02 12:00:00,2,48.0,2.0,16.0,0.142,0.252,2.114,3.106,0.444,33.819,0.618,1.62,0.452,9.892
MHW,2022-05-16 12:00:00,2022-05-20 12:00:00,2,49.0,2.0,5.0,0.301,3.001,2.686,3.001,0.384,13.429,1.213,1.528,0.39,6.067
MHW,2022-05-25 12:00:00,2022-06-02 12:00:00,2,50.0,2.0,9.0,0.776,0.353,2.62,3.354,0.407,23.582,1.15,1.881,0.4,10.346
MHW,2022-06-18 12:00:00,2022-06-23 12:00:00,2,51.0,2.0,6.0,0.272,3.036,2.198,3.036,0.411,13.19,0.729,1.575,0.415,4.374
MHW,2023-01-11 12:00:00,2023-01-17 12:00:00,2,52.0,2.0,7.0,2.522,0.262,1.942,2.522,0.364,13.594,0.853,1.397,0.358,5.972
MHW,2023-01-23 12:00:00,2023-01-31 12:00:00,2,53.0,2.0,9.0,2.425,0.149,2.124,2.425,0.327,19.12,0.966,1.321,0.354,8.698
MHW,2023-02-03 12:00:00,2023-02-07 12:00:00,2,54.0,1.0,5.0,1.572,0.223,1.839,2.504,0.385,9.195,0.567,1.248,0.394,2.835
MHW,2023-02-20 12:00:00,2023-03-06 12:00:00,2,55.0,2.0,15.0,0.122,0.606,1.996,3.063,0.383,29.939,0.517,1.592,0.385,7.759
MHW,2023-09-16 12:00:00,2023-09-20 12:00:00,2,56.0,1.0,5.0,0.389,0.075,1.306,1.443,0.087,6.53,0.207,0.358,0.095,1.036
MHW,2023-10-16 12:00:00,2023-10-24 12:00:00,2,57.0,1.0,9.0,0.303,0.122,1.511,1.671,0.135,13.599,0.355,0.512,0.136,3.197
MHW,2023-10-29 12:00:00,2023-11-12 12:00:00,2,58.0,1.0,15.0,0.097,0.254,1.879,2.427,0.447,28.192,0.669,1.204,0.447,10.036
MHW,2023-11-20 12:00:00,2023-11-28 12:00:00,2,59.0,1.0,9.0,0.284,0.31,1.564,2.303,0.335,14.073,0.344,1.081,0.333,3.097
MCS,1971-09-24 12:00:00,1971-09-30 12:00:00,2,1.0,1.0,7.0,-0.113,-1.9,-1.721,-1.9,0.203,-12.044,-0.54,-0.692,0.182,-3.781
MCS,1971-10-06 12:00:00,1971-10-18 12:00:00,2,2.0,2.0,13.0,-0.116,-1.245,-1.812,-2.665,0.343,-23.559,-0.571,-1.429,0.347,-7.419
MCS,1971-11-18 12:00:00,1971-11-24 12:00:00,2,3.0,1.0,7.0,-1.901,-0.167,-1.779,-1.901,0.091,-12.45,-0.571,-0.684,0.087,-3.999
MCS,2010-11-24 12:00:00,2010-12-04 12:00:00,2,4.0,3.0,11.0,-0.64,-0.361,-2.814,-3.853,0.567,-30.954,-1.603,-2.641,0.566,-17.638
MCS,2010-12-08 12:00:00,2010-12-13 12:00:00,2,5.0,3.0,6.0,-1.547,-0.689,-2.557,-3.846,0.821,-15.339,-1.385,-2.663,0.809,-8.312
MCS,2018-09-04 12:00:00,2018-09-14 12:00:00,2,6.0,1.0,11.0,-0.205,-0.097,-1.4,-1.589,0.107,-15.399,-0.317,-0.5,0.107,-3.483
MHW,1973-03-06 12:00:00,1973-03-10 12:00:00,22,1.0,1.0,5.0,2.591,0.163,2.248,2.591,0.233,11.238,0.337,0.674,0.23,1.684
MHW,2010-01-26 12:00:00,2010-01-31 12:00:00,22,2.0,1.0,6.0,0.341,0.909,2.651,3.229,0.549,15.906,0.826,1.368,0.54,4.956
MHW,2010-05-11 12:00:00,2010-05-15 12:00:00,22,3.0,2.0,5.0,1.032,0.83,3.249,3.966,0.917,16.245,1.915,2.63,0.915,9.576
MHW,2010-05-22 12:00:00,2010-05-31 12:00:00,22,4.0,2.0,10.0,2.896,0.173,2.076,2.896,0.424,20.761,0.72,1.551,0.428,7.204
MHW,2011-02-21 12:00:00,2011-02-27 12:00:00,22,5.0,1.0,7.0,0.354,0.24,2.439,2.756,0.228,17.074,0.406,0.722,0.223,2.843
MHW,2011-03-28 12:00:00,2011-04-01 12:00:00,22,6.0,1.0,5.0,0.356,0.241,2.367,2.656,0.261,11.835,0.575,0.853,0.248,2.873
MHW,2011-04-07 12:00:00,2011-04-28 12:00:00,22,7.0,2.0,22.0,1.014,0.137,2.192,4.177,0.662,48.22,0.627,2.466,0.588,13.789
MHW,2011-07-05 12:00:00,2011-07-09 12:00:00,22,8.0,1.0,5.0,0.268,2.375,2.079,2.375,0.288,10.394,0.635,0.919,0.29,3.174
MHW,2013-03-03 12:00:00,2013-03-08 12:00:00,22,9.0,2.0,6.0,1.077,0.472,3.346,4.134,0.558,20.074,1.423,2.211,0.559,8.54
MHW,2013-03-29 12:00:00,2013-04-08 12:00:00,22,10.0,2.0,11.0,0.665,0.323,2.685,3.996,0.608,29.539,0.924,2.223,0.594,10.164
MHW,2013-05-18 12:00:00,2013-06-04 12:00:00,22,11.0,2.0,18.0,0.476,0.12,1.921,2.994,0.485,34.585,0.572,1.649,0.484,10.302
MHW,2013-06-27 12:00:00,2013-07-02 12:00:00,22,12.0,1.0,6.0,0.319,0.111,1.588,1.873,0.16,9.529,0.191,0.482,0.166,1.143
MHW,2013-09-26 12:00:00,2013-10-01 12:00:00,22,13.0,1.0,6.0,1.291,0.275,1.874,2.164,0.328,11.245,0.632,0.961,0.355,3.795
MHW,2013-10-16 12:00:00,2013-10-23 12:00:00,22,14.0,2.0,8.0,2.996,0.272,2.304,2.996,0.448,18.434,0.985,1.673,0.446,7.878
MHW,2014-04-12 12:00:00,2014-05-18 12:00:00,22,15.0,2.0,37.0,0.054,0.16,2.248,3.263,0.453,83.163,0.816,1.909,0.483,30.174
MHW,2014-05-22 12:00:00,2014-06-03 12:00:00,22,16.0,1.0,13.0,0.124,0.621,1.742,2.573,0.418,22.647,0.387,1.218,0.416,5.028
MHW,2014-06-08 12:00:00,2014-06-22 12:00:00,22,17.0,1.0,15.0,0.14,0.17,1.639,2.421,0.345,24.584,0.285,1.073,0.341,4.275
MHW,2014-09-25 12:00:00,2014-10-01 12:00:00,22,18.0,1.0,7.0,0.098,0.11,1.545,1.659,0.105,10.814,0.31,0.414,0.104,2.173
MHW,2014-11-10 12:00:00,2014-11-23 12:00:00,22,19.0,1.0,14.0,0.106,0.074,1.657,1.963,0.191,23.195,0.332,0.654,0.204,4.645
MHW,2015-06-24 12:00:00,2015-06-30 12:00:00,22,20.0,1.0,7.0,0.246,0.07,1.58,1.673,0.068,11.059,0.193,0.294,0.069,1.353
MHW,2015-08-31 12:00:00,2015-10-19 12:00:00,22,21.0,3.0,50.0,0.243,0.06,2.4,3.601,0.597,119.984,1.176,2.498,0.576,58.789
MHW,2015-10-25 12:00:00,2015-10-30 12:00:00,22,22.0,1.0,6.0,0.51,0.237,1.873,2.262,0.289,11.241,0.548,0.939,0.29,3.29
MHW,2016-02-01 12:00:00,2016-02-12 12:00:00,22,23.0,1.0,12.0,0.178,0.496,3.127,3.745,0.491,37.528,1.17,1.758,0.478,14.041
MHW,2016-02-18 12:00:00,2016-02-22 12:00:00,22,24.0,1.0,5.0,0.374,0.74,2.694,3.488,0.594,13.469,0.637,1.427,0.592,3.185
MHW,2016-05-15 12:00:00,2016-05-20 12:00:00,22,25.0,1.0,6.0,0.179,0.083,1.492,1.648,0.085,8.954,0.164,0.322,0.086,0.983
MHW,2016-05-27 12:00:00,2016-06-04 12:00:00,22,26.0,1.0,9.0,0.141,0.522,1.865,2.382,0.348,16.787,0.51,1.034,0.351,4.592
MHW,2016-11-07 12:00:00,2016-11-11 12:00:00,22,27.0,1.0,5.0,0.285,2.04,1.811,2.04,0.195,9.056,0.525,0.749,0.194,2.626
MHW,2017-03-05 12:00:00,2017-03-10 12:00:00,22,28.0,1.0,6.0,3.966,0.242,2.513,3.318,0.517,15.075,0.6,1.395,0.511,3.598
MHW,2017-06-19 12:00:00,2017-07-10 12:00:00,22,29.0,2.0,22.0,0.37,0.067,2.121,2.781,0.382,46.659,0.716,1.411,0.405,15.762
MHW,2017-07-13 12:00:00,2017-07-26 12:00:00,22,30.0,1.0,14.0,0.115,0.12,1.846,2.357,0.316,25.847,0.378,0.893,0.317,5.288
MHW,2017-08-30 12:00:00,2017-09-09 12:00:00,22,31.0,1.0,11.0,0.171,0.225,1.576,2.008,0.276,17.332,0.43,0.889,0.282,4.735
MHW,2018-02-01 12:00:00,2018-02-06 12:00:00,22,32.0,1.0,6.0,0.799,0.3,2.67,2.992,0.314,16.019,0.745,1.086,0.33,4.47
MHW,2018-03-11 12:00:00,2018-03-18 12:00:00,22,33.0,1.0,8.0,0.631,0.273,2.619,3.089,0.234,20.955,0.714,1.181,0.234,5.71
MHW,2019-03-09 12:00:00,2019-03-13 12:00:00,22,34.0,1.0,5.0,0.592,1.332,2.967,3.586,0.568,14.834,1.059,1.678,0.568,5.294
MHW,2019-05-21 12:00:00,2019-05-27 12:00:00,22,35.0,2.0,7.0,0.305,2.908,2.625,2.908,0.332,18.378,1.274,1.555,0.329,8.916
MHW,2019-06-16 12:00:00,2019-06-22 12:00:00,22,36.0,1.0,7.0,0.167,0.324,1.662,2.04,0.255,11.636,0.296,0.664,0.249,2.069
MHW,2019-07-31 12:00:00,2019-08-06 12:00:00,22,37.0,1.0,7.0,0.208,0.198,1.906,2.095,0.172,13.343,0.403,0.592,0.171,2.824
MHW,2019-10-19 12:00:00,2019-10-28 12:00:00,22,38.0,1.0,10.0,0.676,0.12,1.744,1.923,0.097,17.442,0.423,0.605,0.099,4.232
MHW,2020-08-16 12:00:00,2020-08-20 12:00:00,22,39.0,1.0,5.0,0.807,0.273,2.018,2.379,0.346,10.092,0.605,0.957,0.333,3.025
MHW,2021-12-13 12:00:00,2021-12-18 12:00:00,22,40.0,1.0,6.0,0.541,0.563,2.116,2.742,0.432,12.696,0.613,1.238,0.432,3.679
MHW,2021-12-24 12:00:00,2021-12-31 12:00:00,22,41.0,3.0,8.0,1.135,0.809,3.629,4.845,1.061,29.032,2.117,3.334,1.06,16.934
MHW,2022-02-04 12:00:00,2022-02-13 12:00:00,22,42.0,2.0,10.0,0.671,0.37,3.226,4.288,0.617,32.259,1.248,2.324,0.617,12.476
MHW,2022-02-24 12:00:00,2022-03-05 12:00:00,22,43.0,2.0,10.0,1.679,0.333,3.049,4.278,0.565,30.491,1.069,2.253,0.543,10.691
MHW,2022-03-10 12:00:00,2022-03-19 12:00:00,22,44.0,2.0,10.0,4.234,0.272,3.49,4.234,0.749,34.9,1.586,2.327,0.743,15.861
MHW,2022-03-27 12:00:00,2022-03-31 12:00:00,22,45.0,1.0,5.0,0.184,0.526,2.249,2.514,0.214,11.244,0.446,0.723,0.217,2.23
MHW,2022-05-22 12:00:00,2022-06-01 12:00:00,22,46.0,2.0,11.0,1.41,0.204,2.514,3.525,0.566,27.653,1.158,2.174,0.565,12.738
MCS,1971-10-05 12:00:00,1971-10-18 12:00:00,22,1.0,1.0,14.0,-0.147,-0.696,-1.762,-2.686,0.356,-24.663,-0.356,-1.26,0.346,-4.984
MCS,2010-03-19 12:00:00,2010-03-23 12:00:00,22,2.0,1.0,5.0,-0.119,-0.762,-2.152,-2.583,0.224,-10.76,-0.235,-0.707,0.239,-1.173
MCS,2010-11-24 12:00:00,2010-12-16 12:00:00,22,3.0,2.0,23.0,-0.154,-0.55,-2.99,-4.126,0.619,-68.76,-1.517,-2.621,0.615,-34.891
MCS,2011-01-12 12:00:00,2011-01-16 12:00:00,22,4.0,1.0,5.0,-0.43,-1.383,-3.058,-3.406,0.36,-15.292,-1.224,-1.567,0.354,-6.12
MCS,2012-01-02 12:00:00,2012-01-06 12:00:00,22,5.0,1.0,5.0,-0.402,-0.583,-2.435,-2.841,0.243,-12.175,-0.687,-1.081,0.233,-3.433
MCS,2012-02-15 12:00:00,2012-02-19 12:00:00,22,6.0,1.0,5.0,-0.269,-2.74,-2.64,-3.147,0.415,-13.201,-0.628,-1.086,0.381,-3.138
MCS,2018-12-27 12:00:00,2019-01-05 12:00:00,22,7.0,2.0,10.0,-0.41,-0.337,-3.298,-3.68,0.369,-32.983,-1.588,-1.973,0.369,-15.881
MCS,2019-01-15 12:00:00,2019-01-20 12:00:00,22,8.0,1.0,6.0,-0.574,-0.395,-2.354,-2.987,0.324,-14.122,-0.508,-1.14,0.325,-3.048
MCS,2021-03-21 12:00:00,2021-03-26 12:00:00,22,9.0,2.0,6.0,-1.32,-0.809,-3.656,-4.536,0.863,-21.937,-1.784,-2.66,0.872,-10.702
MCS,2022-01-05 12:00:00,2022-01-11 12:00:00,22,10.0,1.0,7.0,-1.123,-0.294,-2.479,-3.253,0.443,-17.35,-0.693,-1.485,0.446,-4.852
MCS,2022-01-26 12:00:00,2022-02-02 12:00:00,22,11.0,1.0,8.0,-0.828,-0.575,-2.786,-3.318,0.548,-22.288,-0.962,-1.498,0.551,-7.699
MHW,2009-12-01 12:00:00,2009-12-05 12:00:00,40,1.0,1.0,5.0,0.837,0.603,2.575,3.046,0.348,12.875,1.002,1.487,0.361,5.009
MHW,2010-05-12 12:00:00,2010-05-24 12:00:00,40,2.0,3.0,13.0,1.161,0.285,3.302,4.335,0.812,42.926,2.15,3.165,0.812,27.951
MHW,2010-06-03 12:00:00,2010-06-11 12:00:00,40,3.0,1.0,9.0,0.168,0.134,1.492,1.875,0.242,13.432,0.358,0.748,0.24,3.218
MHW,2010-11-02 12:00:00,2010-11-07 12:00:00,40,4.0,1.0,6.0,0.393,0.365,1.786,2.074,0.186,10.718,0.283,0.566,0.183,1.698
MHW,2011-04-04 12:00:00,2011-04-11 12:00:00,40,5.0,1.0,8.0,0.165,0.277,2.337,2.752,0.243,18.694,0.436,0.861,0.229,3.487
MHW,2011-04-25 12:00:00,2011-05-01 12:00:00,40,6.0,1.0,7.0,0.108,0.198,1.753,1.926,0.133,12.268,0.284,0.461,0.117,1.988
MHW,2011-05-05 12:00:00,2011-05-09 12:00:00,40,7.0,1.0,5.0,0.361,0.114,1.411,1.658,0.161,7.054,0.127,0.331,0.132,0.636
MHW,2012-07-29 12:00:00,2012-08-03 12:00:00,40,8.0,1.0,6.0,0.365,0.155,1.693,2.002,0.178,10.156,0.267,0.577,0.18,1.6
MHW,2013-02-01 12:00:00,2013-02-06 12:00:00,40,9.0,1.0,6.0,1.231,0.313,3.09,3.52,0.319,18.539,0.839,1.28,0.313,5.034
MHW,2013-03-29 12:00:00,2013-04-06 12:00:00,40,10.0,1.0,9.0,0.47,0.333,2.882,3.427,0.384,25.934,0.896,1.458,0.389,8.062
MHW,2013-05-19 12:00:00,2013-05-24 12:00:00,40,11.0,2.0,6.0,0.386,0.385,1.773,2.331,0.369,10.64,0.633,1.192,0.367,3.797
MHW,2013-05-31 12:00:00,2013-06-05 12:00:00,40,12.0,1.0,6.0,0.291,0.294,1.501,1.672,0.159,9.004,0.371,0.542,0.16,2.224
MHW,2014-04-12 12:00:00,2014-04-25 12:00:00,40,13.0,1.0,14.0,0.521,0.158,2.594,3.21,0.334,36.313,0.914,1.463,0.289,12.802
MHW,2014-04-30 12:00:00,2014-05-16 12:00:00,40,14.0,2.0,17.0,0.26,0.28,2.183,3.67,0.625,37.116,0.911,2.407,0.631,15.479
MHW,2014-06-08 12:00:00,2014-06-23 12:00:00,40,15.0,2.0,16.0,0.165,0.178,1.664,2.413,0.405,26.622,0.481,1.227,0.399,7.691
MHW,2014-09-25 12:00:00,2014-10-01 12:00:00,40,16.0,1.0,7.0,0.188,0.101,1.738,1.989,0.159,12.163,0.377,0.651,0.192,2.641
MHW,2015-01-29 12:00:00,2015-02-06 12:00:00,40,17.0,1.0,9.0,0.385,0.557,3.504,4.255,0.574,31.537,1.283,1.998,0.536,11.549
MHW,2015-09-09 12:00:00,2015-10-18 12:00:00,40,18.0,2.0,40.0,0.124,0.101,2.478,3.523,0.619,99.134,1.101,2.219,0.65,44.034
MHW,2016-01-14 12:00:00,2016-01-18 12:00:00,40,19.0,1.0,5.0,1.386,0.475,3.071,3.754,0.589,15.356,1.131,1.816,0.589,5.653
MHW,2016-02-03 12:00:00,2016-02-12 12:00:00,40,20.0,2.0,10.0,2.247,0.465,4.154,5.494,1.002,41.54,1.853,3.237,1.007,18.535
MHW,2016-05-17 12:00:00,2016-06-05 12:00:00,40,21.0,1.0,20.0,0.208,0.045,1.444,1.771,0.227,28.882,0.305,0.634,0.231,6.098
MHW,2016-06-25 12:00:00,2016-07-13 12:00:00,40,22.0,2.0,19.0,0.18,0.139,2.111,2.907,0.386,40.116,0.789,1.6,0.389,14.983
MHW,2016-07-31 12:00:00,2016-08-19 12:00:00,40,23.0,1.0,20.0,0.086,0.235,2.14,2.654,0.339,42.8,0.746,1.283,0.352,14.916
MHW,2016-08-23 12:00:00,2016-08-30 12:00:00,40,24.0,1.0,8.0,0.174,0.308,1.763,2.141,0.292,14.105,0.476,0.856,0.276,3.804
MHW,2016-09-25 12:00:00,2016-09-29 12:00:00,40,25.0,2.0,5.0,0.519,0.478,2.169,2.678,0.413,10.845,0.828,1.34,0.408,4.14
MHW,2016-10-22 12:00:00,2016-10-29 12:00:00,40,26.0,2.0,8.0,1.64,0.277,2.726,3.447,0.528,21.811,1.156,1.872,0.526,9.249
MHW,2017-03-05 12:00:00,2017-03-12 12:00:00,40,27.0,1.0,8.0,2.46,0.457,3.197,4.328,0.659,25.572,0.95,2.085,0.659,7.596
MHW,2017-06-19 12:00:00,2017-07-07 12:00:00,40,28.0,1.0,19.0,0.127,0.118,1.909,2.378,0.322,36.265,0.639,1.092,0.319,12.141
MHW,2017-07-12 12:00:00,2017-07-30 12:00:00,40,29.0,1.0,19.0,0.074,0.135,1.713,2.25,0.276,32.545,0.314,0.848,0.277,5.957
MHW,2017-09-03 12:00:00,2017-09-09 12:00:00,40,30.0,1.0,7.0,0.146,0.207,1.655,1.835,0.198,11.583,0.454,0.634,0.193,3.177
MHW,2017-09-13 12:00:00,2017-09-17 12:00:00,40,31.0,1.0,5.0,0.289,0.186,1.353,1.608,0.129,6.764,0.107,0.354,0.126,0.534
MHW,2018-01-14 12:00:00,2018-01-21 12:00:00,40,32.0,1.0,8.0,4.055,0.227,3.328,3.68,0.291,26.624,1.378,1.744,0.305,11.022
MHW,2018-11-29 12:00:00,2018-12-06 12:00:00,40,33.0,1.0,8.0,1.303,0.126,2.147,2.553,0.33,17.174,0.579,1.029,0.34,4.629
MHW,2019-03-16 12:00:00,2019-03-20 12:00:00,40,34.0,1.0,5.0,0.565,1.772,3.723,4.344,0.786,18.614,1.502,2.122,0.776,7.508
MHW,2019-05-31 12:00:00,2019-06-09 12:00:00,40,35.0,2.0,10.0,0.302,0.246,1.76,2.531,0.463,17.6,0.63,1.405,0.466,6.303
MHW,2019-06-17 12:00:00,2019-06-22 12:00:00,40,36.0,1.0,6.0,0.252,0.338,1.874,2.225,0.218,11.246,0.664,1.01,0.214,3.983
MHW,2019-10-08 12:00:00,2019-10-14 12:00:00,40,37.0,1.0,7.0,0.174,0.855,1.979,2.382,0.327,13.854,0.458,0.85,0.323,3.205
MHW,2020-08-16 12:00:00,2020-08-21 12:00:00,40,38.0,1.0,6.0,0.803,0.185,1.852,2.311,0.293,11.112,0.495,0.948,0.288,2.97
MHW,2020-11-05 12:00:00,2020-11-12 12:00:00,40,39.0,1.0,8.0,0.254,0.342,1.704,2.266,0.258,13.635,0.226,0.79,0.259,1.806
MHW,2021-03-04 12:00:00,2021-03-08 12:00:00,40,40.0,1.0,5.0,0.664,0.178,2.955,3.305,0.331,14.776,0.709,1.06,0.333,3.544
MHW,2021-04-13 12:00:00,2021-04-19 12:00:00,40,41.0,1.0,7.0,0.202,0.23,2.133,2.419,0.179,14.932,0.394,0.672,0.163,2.756
MHW,2021-12-10 12:00:00,2021-12-16 12:00:00,40,42.0,2.0,7.0,0.429,1.579,2.54,3.806,0.588,17.783,0.862,2.116,0.584,6.031
MHW,2022-02-04 12:00:00,2022-02-08 12:00:00,40,43.0,2.0,5.0,0.991,1.09,4.086,4.843,0.744,20.431,1.808,2.569,0.754,9.041
MHW,2022-03-30 12:00:00,2022-04-08 12:00:00,40,44.0,1.0,10.0,0.722,0.187,2.855,3.488,0.465,28.546,0.893,1.472,0.424,8.926
MHW,2022-06-23 12:00:00,2022-07-08 12:00:00,40,45.0,1.0,16.0,0.154,0.089,1.951,2.444,0.235,31.224,0.661,1.187,0.271,10.58
MHW,2022-08-31 12:00:00,2022-09-04 12:00:00,40,46.0,1.0,5.0,0.057,0.117,1.275,1.362,0.052,6.375,0.075,0.169,0.058,0.373
MHW,2022-09-28 12:00:00,2022-10-03 12:00:00,40,47.0,1.0,6.0,0.106,0.448,1.786,1.876,0.093,10.715,0.378,0.424,0.075,2.268
MHW,2022-12-19 12:00:00,2022-12-24 12:00:00,40,48.0,1.0,6.0,0.106,0.307,1.945,2.207,0.154,11.67,0.172,0.407,0.14,1.033
MHW,2023-04-20 12:00:00,2023-04-26 12:00:00,40,49.0,1.0,7.0,0.2,0.321,1.91,2.301,0.196,13.369,0.313,0.721,0.22,2.191
MHW,2023-05-01 12:00:00,2023-05-12 12:00:00,40,50.0,1.0,12.0,0.391,0.154,1.809,2.484,0.399,21.71,0.494,1.116,0.346,5.928
MHW,2023-10-16 12:00:00,2023-10-20 12:00:00,40,51.0,1.0,5.0,0.495,0.382,1.995,2.463,0.367,9.973,0.453,0.924,0.373,2.267
MHW,2023-11-01 12:00:00,2023-11-06 12:00:00,40,52.0,1.0,6.0,0.182,0.314,1.888,2.11,0.169,11.327,0.364,0.601,0.182,2.185
MHW,2023-11-15 12:00:00,2023-11-19 12:00:00,40,53.0,1.0,5.0,0.522,0.611,2.116,2.69,0.479,10.581,0.636,1.207,0.478,3.181
MCS,2010-03-19 12:00:00,2010-03-30 12:00:00,40,1.0,1.0,12.0,-0.177,-0.126,-2.497,-2.783,0.167,-29.964,-0.339,-0.575,0.145,-4.073
MCS,2010-11-23 12:00:00,2010-12-16 12:00:00,40,2.0,2.0,24.0,-0.129,-0.201,-2.562,-3.292,0.462,-61.484,-1.041,-1.691,0.42,-24.993
MCS,2011-01-12 12:00:00,2011-01-17 12:00:00,40,3.0,1.0,6.0,-0.313,-1.145,-2.492,-3.219,0.464,-14.953,-0.59,-1.34,0.475,-3.538
MCS,2011-01-20 12:00:00,2011-01-24 12:00:00,40,4.0,1.0,5.0,-0.769,-0.101,-2.079,-2.344,0.175,-10.396,-0.215,-0.487,0.178,-1.074
MCS,2011-10-21 12:00:00,2011-10-26 12:00:00,40,5.0,1.0,6.0,-0.141,-0.502,-1.774,-2.017,0.176,-10.647,-0.266,-0.514,0.178,-1.594
MCS,2012-02-10 12:00:00,2012-02-20 12:00:00,40,6.0,1.0,11.0,-0.452,-0.191,-2.498,-2.933,0.285,-27.479,-0.511,-0.99,0.257,-5.621
MCS,2012-11-30 12:00:00,2012-12-04 12:00:00,40,7.0,1.0,5.0,-0.326,-0.197,-1.691,-1.876,0.103,-8.457,-0.196,-0.395,0.109,-0.979
MCS,2015-11-25 12:00:00,2015-12-01 12:00:00,40,8.0,1.0,7.0,-0.188,-0.286,-1.65,-1.786,0.094,-11.548,-0.226,-0.404,0.119,-1.585
MCS,2018-04-11 12:00:00,2018-04-15 12:00:00,40,9.0,1.0,5.0,-0.979,-0.345,-2.382,-2.956,0.364,-11.91,-0.47,-1.008,0.352,-2.352
MCS,2018-11-02 12:00:00,2018-11-06 12:00:00,40,10.0,1.0,5.0,-0.242,-0.238,-1.735,-1.875,0.108,-8.674,-0.312,-0.442,0.099,-1.558
MCS,2018-12-26 12:00:00,2019-01-05 12:00:00,40,11.0,1.0,11.0,-0.108,-0.326,-2.432,-2.635,0.228,-26.751,-0.546,-0.713,0.211,-6.001
MCS,2021-03-21 12:00:00,2021-03-29 12:00:00,40,12.0,1.0,9.0,-0.737,-0.259,-2.818,-3.327,0.285,-25.363,-0.668,-1.148,0.281,-6.011
MCS,2022-01-27 12:00:00,2022-02-02 12:00:00,40,13.0,1.0,7.0,-0.352,-1.027,-2.711,-3.336,0.516,-18.98,-0.838,-1.455,0.515,-5.866
MHW,2010-05-18 12:00:00,2010-05-24 12:00:00,50,1.0,3.0,7.0,4.155,0.424,2.709,4.155,0.736,18.962,1.664,3.103,0.733,11.647
MHW,2010-06-03 12:00:00,2010-06-12 12:00:00,50,2.0,2.0,10.0,0.259,0.19,1.584,2.106,0.271,15.84,0.589,1.114,0.268,5.893
MHW,2010-11-02 12:00:00,2010-11-07 12:00:00,50,3.0,1.0,6.0,0.379,0.597,2.128,2.541,0.319,12.766,0.565,0.985,0.321,3.392
MHW,2011-04-04 12:00:00,2011-04-09 12:00:00,50,4.0,1.0,6.0,0.432,0.439,2.818,3.271,0.325,16.908,0.868,1.31,0.313,5.209
MHW,2011-04-26 12:00:00,2011-05-13 12:00:00,50,5.0,1.0,18.0,0.044,0.102,1.557,2.026,0.334,28.029,0.239,0.718,0.31,4.305
MHW,2011-05-21 12:00:00,2011-05-25 12:00:00,50,6.0,1.0,5.0,0.919,0.077,1.167,1.304,0.087,5.837,0.127,0.258,0.084,0.637
MHW,2011-07-25 12:00:00,2011-07-31 12:00:00,50,7.0,1.0,7.0,0.459,0.071,1.673,1.788,0.106,11.713,0.355,0.454,0.11,2.488
MHW,2012-07-30 12:00:00,2012-08-03 12:00:00,50,8.0,1.0,5.0,0.909,0.163,1.722,2.034,0.163,8.609,0.433,0.729,0.153,2.167
MHW,2013-02-01 12:00:00,2013-02-06 12:00:00,50,9.0,2.0,6.0,0.741,0.903,3.709,4.239,0.772,22.251,1.883,2.412,0.771,11.298
MHW,2013-03-29 12:00:00,2013-04-09 12:00:00,50,10.0,1.0,12.0,0.484,0.259,2.749,3.415,0.403,32.984,0.766,1.426,0.395,9.19
MHW,2013-04-20 12:00:00,2013-04-26 12:00:00,50,11.0,1.0,7.0,0.255,0.052,1.681,1.782,0.081,11.77,0.118,0.152,0.047,0.827
MHW,2013-04-30 12:00:00,2013-05-06 12:00:00,50,12.0,1.0,7.0,0.271,0.204,1.65,2.075,0.243,11.55,0.288,0.685,0.234,2.017
MHW,2013-06-01 12:00:00,2013-06-05 12:00:00,50,13.0,1.0,5.0,0.535,0.377,1.463,1.854,0.358,7.313,0.482,0.876,0.359,2.408
MHW,2013-06-29 12:00:00,2013-07-03 12:00:00,50,14.0,1.0,5.0,0.577,0.119,1.572,1.711,0.155,7.859,0.316,0.466,0.171,1.578
MHW,2013-10-29 12:00:00,2013-11-07 12:00:00,50,15.0,2.0,10.0,0.239,0.615,2.971,3.515,0.526,29.711,1.382,1.949,0.51,13.82
MHW,2013-12-12 12:00:00,2013-12-19 12:00:00,50,16.0,1.0,8.0,0.421,0.118,2.162,2.418,0.197,17.294,0.516,0.802,0.208,4.131
MHW,2014-04-12 12:00:00,2014-04-24 12:00:00,50,17.0,2.0,13.0,0.561,0.271,2.853,3.636,0.555,37.086,1.164,1.922,0.553,15.131
MHW,2014-04-30 12:00:00,2014-05-16 12:00:00,50,18.0,3.0,17.0,0.335,0.37,2.119,4.034,0.733,36.02,0.879,2.811,0.741,14.949
MHW,2014-06-08 12:00:00,2014-06-12 12:00:00,50,19.0,1.0,5.0,0.349,0.394,1.577,1.884,0.266,7.884,0.573,0.881,0.267,2.863
MHW,2014-06-15 12:00:00,2014-06-23 12:00:00,50,20.0,2.0,9.0,0.72,0.194,1.93,2.529,0.402,17.373,0.822,1.466,0.433,7.399
MHW,2014-09-08 12:00:00,2014-09-15 12:00:00,50,21.0,1.0,8.0,0.1,0.258,1.518,1.876,0.214,12.143,0.212,0.552,0.2,1.699
MHW,2014-09-21 12:00:00,2014-10-04 12:00:00,50,22.0,1.0,14.0,0.136,0.087,1.77,2.239,0.267,24.775,0.36,0.856,0.276,5.041
MHW,2014-10-15 12:00:00,2014-10-22 12:00:00,50,23.0,1.0,8.0,1.066,0.123,2.104,2.319,0.13,16.834,0.491,0.731,0.146,3.925
MHW,2014-11-18 12:00:00,2014-11-23 12:00:00,50,24.0,1.0,6.0,0.241,0.137,1.692,1.941,0.177,10.153,0.228,0.46,0.162,1.367
MHW,2015-01-29 12:00:00,2015-02-06 12:00:00,50,25.0,2.0,9.0,0.526,1.222,3.876,4.998,0.744,34.888,2.057,3.171,0.737,18.512
MHW,2015-06-01 12:00:00,2015-06-06 12:00:00,50,26.0,1.0,6.0,0.25,0.281,1.408,1.746,0.212,8.451,0.426,0.765,0.21,2.558
MHW,2015-09-08 12:00:00,2015-10-03 12:00:00,50,27.0,2.0,26.0,0.151,0.274,2.572,3.807,0.8,66.883,1.213,2.451,0.789,31.543
MHW,2015-10-06 12:00:00,2015-10-16 12:00:00,50,28.0,2.0,11.0,0.939,0.184,2.379,3.336,0.439,26.172,0.798,1.769,0.446,8.776
MHW,2016-06-01 12:00:00,2016-06-05 12:00:00,50,29.0,2.0,5.0,0.324,0.58,1.62,1.976,0.215,8.101,0.639,0.996,0.217,3.197
MHW,2016-06-25 12:00:00,2016-07-13 12:00:00,50,30.0,2.0,19.0,0.189,0.138,2.092,2.9,0.373,39.742,0.808,1.619,0.358,15.352
MHW,2016-07-31 12:00:00,2016-08-20 12:00:00,50,31.0,2.0,21.0,0.094,0.346,2.106,2.696,0.427,44.222,0.861,1.464,0.432,18.081
MHW,2016-08-23 12:00:00,2016-08-29 12:00:00,50,32.0,1.0,7.0,0.259,0.412,1.97,2.375,0.303,13.792,0.734,1.133,0.301,5.14
MHW,2016-09-23 12:00:00,2016-09-29 12:00:00,50,33.0,1.0,7.0,0.291,0.515,1.9,2.655,0.377,13.302,0.525,1.272,0.372,3.675
MHW,2016-10-23 12:00:00,2016-10-29 12:00:00,50,34.0,2.0,7.0,2.321,0.255,2.919,3.535,0.485,20.434,1.249,1.869,0.477,8.741
MHW,2017-03-06 12:00:00,2017-03-11 12:00:00,50,35.0,2.0,6.0,3.762,0.503,3.96,4.996,0.834,23.76,1.704,2.776,0.861,10.224
MHW,2017-06-20 12:00:00,2017-08-08 12:00:00,50,36.0,1.0,50.0,0.107,0.031,1.717,2.448,0.31,85.863,0.434,1.192,0.324,21.714
MHW,2017-08-27 12:00:00,2017-09-09 12:00:00,50,37.0,1.0,14.0,0.09,0.257,1.647,2.034,0.236,23.063,0.4,0.763,0.223,5.594
MHW,2018-01-14 12:00:00,2018-01-21 12:00:00,50,38.0,2.0,8.0,1.641,0.417,3.936,4.402,0.609,31.492,2.034,2.464,0.587,16.271
MHW,2019-05-31 12:00:00,2019-06-09 12:00:00,50,39.0,2.0,10.0,0.279,0.23,1.496,2.312,0.42,14.957,0.509,1.332,0.423,5.09
MHW,2019-06-17 12:00:00,2019-06-22 12:00:00,50,40.0,1.0,6.0,0.232,0.233,1.896,2.099,0.161,11.378,0.779,0.965,0.144,4.671
MHW,2019-10-19 12:00:00,2019-10-24 12:00:00,50,41.0,1.0,6.0,0.513,0.344,2.293,2.571,0.31,13.755,0.648,0.937,0.332,3.886
MHW,2020-08-16 12:00:00,2020-08-22 12:00:00,50,42.0,1.0,7.0,0.789,0.216,1.66,2.278,0.318,11.619,0.419,1.036,0.318,2.932
MHW,2020-11-05 12:00:00,2020-11-15 12:00:00,50,43.0,1.0,11.0,0.368,0.263,2.089,2.917,0.406,22.976,0.564,1.398,0.407,6.209
MHW,2020-12-10 12:00:00,2020-12-15 12:00:00,50,44.0,1.0,6.0,0.33,0.227,1.957,2.28,0.192,11.739,0.339,0.668,0.197,2.036
MHW,2021-03-03 12:00:00,2021-03-08 12:00:00,50,45.0,1.0,6.0,0.538,0.427,3.035,3.795,0.566,18.212,0.815,1.575,0.559,4.888
MHW,2021-04-15 12:00:00,2021-04-20 12:00:00,50,46.0,1.0,6.0,0.828,0.346,2.229,2.788,0.402,13.374,0.53,1.046,0.383,3.179
MHW,2021-12-10 12:00:00,2021-12-15 12:00:00,50,47.0,1.0,6.0,1.141,0.348,2.689,3.194,0.285,16.134,1.072,1.582,0.287,6.431
MHW,2022-02-04 12:00:00,2022-02-08 12:00:00,50,48.0,2.0,5.0,1.101,1.441,3.872,4.971,0.94,19.36,2.056,3.158,0.938,10.28
MHW,2022-03-30 12:00:00,2022-04-09 12:00:00,50,49.0,2.0,11.0,0.495,0.379,3.532,4.249,0.652,38.849,1.555,2.261,0.632,17.104
MHW,2022-06-23 12:00:00,2022-07-20 12:00:00,50,50.0,2.0,28.0,0.219,0.051,1.796,2.518,0.294,50.28,0.506,1.304,0.325,14.159
MHW,2022-08-30 12:00:00,2022-09-08 12:00:00,50,51.0,1.0,10.0,0.059,0.711,1.604,1.852,0.112,16.038,0.356,0.577,0.103,3.562
MHW,2022-09-27 12:00:00,2022-10-04 12:00:00,50,52.0,1.0,8.0,0.171,0.336,2.026,2.311,0.327,16.204,0.57,0.824,0.314,4.56
MHW,2022-12-15 12:00:00,2022-12-23 12:00:00,50,53.0,1.0,9.0,0.197,0.186,2.595,2.74,0.111,23.351,0.886,1.005,0.111,7.977
MHW,2023-04-21 12:00:00,2023-04-26 12:00:00,50,54.0,1.0,6.0,0.433,0.249,2.248,2.533,0.174,13.485,0.674,0.925,0.167,4.045
MHW,2023-05-02 12:00:00,2023-05-15 12:00:00,50,55.0,1.0,14.0,0.349,0.168,1.833,2.657,0.4,25.662,0.585,1.288,0.314,8.187
MHW,2023-09-04 12:00:00,2023-09-16 12:00:00,50,56.0,1.0,13.0,0.341,0.073,1.588,2.064,0.246,20.643,0.302,0.809,0.251,3.927
MHW,2023-10-16 12:00:00,2023-10-21 12:00:00,50,57.0,1.0,6.0,0.82,0.229,2.083,2.639,0.343,12.496,0.479,1.047,0.351,2.873
MHW,2023-11-02 12:00:00,2023-11-06 12:00:00,50,58.0,1.0,5.0,0.146,0.349,2.152,2.244,0.075,10.759,0.569,0.677,0.083,2.846
MHW,2023-11-15 12:00:00,2023-11-19 12:00:00,50,59.0,1.0,5.0,0.336,1.072,2.182,2.71,0.376,10.91,0.68,1.215,0.374,3.398
MCS,1971-10-14 12:00:00,1971-10-18 12:00:00,50,1.0,1.0,5.0,-0.263,-0.528,-1.835,-2.297,0.3,-9.173,-0.434,-0.893,0.294,-2.172
MCS,1971-10-23 12:00:00,1971-10-27 12:00:00,50,2.0,1.0,5.0,-0.139,-1.097,-1.828,-2.1,0.194,-9.138,-0.413,-0.695,0.199,-2.063
MCS,2010-03-19 12:00:00,2010-03-23 12:00:00,50,3.0,1.0,5.0,-0.211,-0.133,-2.135,-2.301,0.118,-10.676,-0.216,-0.384,0.115,-1.081
MCS,2010-11-24 12:00:00,2010-12-16 12:00:00,50,4.0,1.0,23.0,-0.092,-0.164,-2.151,-2.744,0.333,-49.481,-0.711,-1.227,0.302,-16.352
MCS,2011-01-14 12:00:00,2011-01-18 12:00:00,50,5.0,1.0,5.0,-0.285,-0.352,-2.18,-2.505,0.27,-10.902,-0.549,-0.873,0.263,-2.747
MCS,2011-10-21 12:00:00,2011-10-25 12:00:00,50,6.0,1.0,5.0,-0.101,-0.199,-1.534,-1.673,0.094,-7.67,-0.115,-0.255,0.094,-0.574
MCS,2018-11-02 12:00:00,2018-11-06 12:00:00,50,7.0,1.0,5.0,-0.283,-0.218,-1.561,-1.793,0.129,-7.807,-0.243,-0.46,0.116,-1.216
MCS,2018-12-28 12:00:00,2019-01-05 12:00:00,50,8.0,1.0,9.0,-0.05,-0.243,-1.935,-2.069,0.069,-17.412,-0.163,-0.299,0.069,-1.463
MCS,2022-01-28 12:00:00,2022-02-02 12:00:00,50,9.0,1.0,6.0,-0.736,-0.47,-2.357,-2.789,0.435,-14.142,-0.793,-1.241,0.441,-4.761
MCS,2022-04-27 12:00:00,2022-05-05 12:00:00,50,10.0,1.0,9.0,-0.106,-1.249,-2.135,-2.484,0.269,-19.219,-0.694,-1.172,0.307,-6.242
MCS,2022-05-09 12:00:00,2022-05-17 12:00:00,50,11.0,1.0,9.0,-0.389,-0.196,-1.448,-2.145,0.274,-13.03,-0.311,-0.985,0.271,-2.795
MHW,2010-05-18 12:00:00,2010-05-24 12:00:00,59,1.0,3.0,7.0,3.834,0.371,2.329,3.834,0.758,16.304,1.256,2.761,0.758,8.793
MHW,2010-06-04 12:00:00,2010-06-12 12:00:00,59,2.0,2.0,9.0,0.363,0.196,1.576,2.301,0.392,14.182,0.578,1.309,0.391,5.206
MHW,2010-11-02 12:00:00,2010-11-07 12:00:00,59,3.0,1.0,6.0,0.484,0.728,1.973,2.786,0.438,11.838,0.513,1.333,0.442,3.076
MHW,2011-05-03 12:00:00,2011-05-10 12:00:00,59,4.0,1.0,8.0,0.491,0.224,1.763,2.123,0.26,14.103,0.5,0.814,0.298,4.001
MHW,2011-07-20 12:00:00,2011-07-24 12:00:00,59,5.0,1.0,5.0,0.978,0.316,1.818,2.481,0.415,9.088,0.533,1.202,0.417,2.664
MHW,2012-07-30 12:00:00,2012-08-03 12:00:00,59,6.0,1.0,5.0,1.315,0.153,1.504,1.659,0.083,7.519,0.263,0.403,0.073,1.315
MHW,2012-08-10 12:00:00,2012-08-15 12:00:00,59,7.0,1.0,6.0,0.618,0.204,1.327,1.578,0.148,7.961,0.158,0.412,0.15,0.945
MHW,2013-02-01 12:00:00,2013-02-06 12:00:00,59,8.0,3.0,6.0,1.258,1.043,3.545,4.814,1.243,21.271,1.976,3.245,1.242,11.857
MHW,2013-03-30 12:00:00,2013-04-09 12:00:00,59,9.0,1.0,11.0,0.205,0.236,2.757,3.27,0.355,30.323,0.871,1.385,0.349,9.58
MHW,2013-04-19 12:00:00,2013-05-06 12:00:00,59,10.0,1.0,18.0,0.076,0.245,2.005,2.526,0.297,36.09,0.538,1.132,0.289,9.689
MHW,2013-06-25 12:00:00,2013-07-03 12:00:00,59,11.0,1.0,9.0,0.143,0.197,1.461,1.876,0.242,13.147,0.311,0.707,0.229,2.797
MHW,2013-10-29 12:00:00,2013-11-06 12:00:00,59,12.0,2.0,9.0,0.285,0.79,2.964,3.729,0.445,26.676,1.477,2.265,0.447,13.29
MHW,2014-05-04 12:00:00,2014-05-14 12:00:00,59,13.0,3.0,11.0,0.62,0.509,2.491,4.367,0.793,27.399,1.291,3.153,0.787,14.203
MHW,2014-06-15 12:00:00,2014-06-23 12:00:00,59,14.0,2.0,9.0,0.836,0.225,1.891,2.612,0.478,17.018,0.832,1.578,0.495,7.484
MHW,2014-09-03 12:00:00,2014-09-11 12:00:00,59,15.0,1.0,9.0,0.529,0.107,1.585,1.708,0.082,14.266,0.259,0.418,0.084,2.335
MHW,2014-09-18 12:00:00,2014-09-25 12:00:00,59,16.0,1.0,8.0,0.21,2.326,1.694,2.326,0.255,13.553,0.341,0.986,0.263,2.729
MHW,2014-10-15 12:00:00,2014-10-23 12:00:00,59,17.0,1.0,9.0,1.311,0.136,2.205,2.627,0.289,19.843,0.703,1.168,0.316,6.33
MHW,2015-01-29 12:00:00,2015-02-06 12:00:00,59,18.0,3.0,9.0,0.743,1.18,4.017,5.531,1.134,36.157,2.444,3.962,1.133,21.993
MHW,2015-04-09 12:00:00,2015-04-16 12:00:00,59,19.0,1.0,8.0,0.374,0.151,2.368,2.556,0.204,18.941,0.572,0.705,0.172,4.573
MHW,2015-04-20 12:00:00,2015-04-30 12:00:00,59,20.0,1.0,11.0,0.192,0.083,1.808,2.09,0.214,19.891,0.294,0.53,0.165,3.236
MHW,2015-06-02 12:00:00,2015-06-06 12:00:00,59,21.0,1.0,5.0,0.146,0.186,1.308,1.46,0.104,6.539,0.32,0.473,0.103,1.601
MHW,2015-09-08 12:00:00,2015-10-01 12:00:00,59,22.0,2.0,24.0,0.144,0.315,2.442,3.815,0.845,58.597,1.075,2.475,0.853,25.811
MHW,2015-10-06 12:00:00,2015-10-16 12:00:00,59,23.0,2.0,11.0,1.21,0.189,2.142,3.044,0.491,23.566,0.658,1.553,0.489,7.238
MHW,2016-05-19 12:00:00,2016-06-05 12:00:00,59,24.0,1.0,18.0,0.443,0.067,1.712,2.148,0.262,30.817,0.686,1.073,0.254,12.344
MHW,2016-06-27 12:00:00,2016-07-15 12:00:00,59,25.0,2.0,19.0,0.234,0.112,2.044,2.795,0.348,38.835,0.809,1.59,0.353,15.375
MHW,2016-07-31 12:00:00,2016-08-19 12:00:00,59,26.0,2.0,20.0,0.127,0.194,2.036,2.634,0.469,40.719,0.844,1.466,0.472,16.872
MHW,2016-08-24 12:00:00,2016-08-28 12:00:00,59,27.0,1.0,5.0,0.349,0.499,2.104,2.38,0.21,10.522,0.852,1.123,0.21,4.261
MHW,2016-09-23 12:00:00,2016-09-28 12:00:00,59,28.0,1.0,6.0,0.264,0.587,1.901,2.52,0.3,11.404,0.554,1.169,0.295,3.327
MHW,2016-10-23 12:00:00,2016-10-30 12:00:00,59,29.0,2.0,8.0,0.704,0.281,2.527,3.17,0.547,20.22,0.983,1.62,0.538,7.866
MHW,2017-02-16 12:00:00,2017-02-20 12:00:00,59,30.0,1.0,5.0,0.377,0.127,1.926,2.222,0.167,9.628,0.197,0.525,0.196,0.983
MHW,2017-06-20 12:00:00,2017-08-11 12:00:00,59,31.0,2.0,53.0,0.113,0.031,1.707,2.458,0.301,90.46,0.486,1.277,0.311,25.735
MHW,2017-08-27 12:00:00,2017-09-09 12:00:00,59,32.0,1.0,14.0,0.1,0.362,1.753,2.245,0.288,24.536,0.459,0.924,0.271,6.425
MHW,2018-01-14 12:00:00,2018-01-20 12:00:00,59,33.0,2.0,7.0,1.347,0.614,4.306,4.911,0.755,30.143,2.655,3.248,0.751,18.584
MHW,2019-03-16 12:00:00,2019-03-20 12:00:00,59,34.0,2.0,5.0,1.139,1.483,4.183,5.347,1.101,20.913,2.081,3.237,1.086,10.404
MHW,2019-05-31 12:00:00,2019-06-07 12:00:00,59,35.0,2.0,8.0,0.256,0.328,1.347,2.144,0.41,10.774,0.359,1.157,0.409,2.876
MHW,2019-06-17 12:00:00,2019-06-22 12:00:00,59,36.0,1.0,6.0,0.169,1.059,1.688,2.018,0.209,10.127,0.621,0.939,0.203,3.729
MHW,2020-11-06 12:00:00,2020-11-13 12:00:00,59,37.0,2.0,8.0,0.299,0.497,2.467,3.215,0.444,19.734,1.035,1.784,0.443,8.277
MHW,2020-12-10 12:00:00,2020-12-15 12:00:00,59,38.0,1.0,6.0,0.417,0.26,2.083,2.45,0.199,12.5,0.637,1.007,0.202,3.822
MHW,2021-04-16 12:00:00,2021-04-20 12:00:00,59,39.0,1.0,5.0,0.938,0.249,2.106,2.406,0.237,10.528,0.444,0.694,0.203,2.22
MHW,2021-09-17 12:00:00,2021-09-30 12:00:00,59,40.0,1.0,14.0,0.075,0.119,1.717,1.983,0.167,24.044,0.359,0.645,0.176,5.03
MHW,2022-03-30 12:00:00,2022-04-09 12:00:00,59,41.0,2.0,11.0,0.778,0.543,3.681,4.974,0.941,40.495,1.796,3.088,0.942,19.753
MHW,2022-06-08 12:00:00,2022-06-14 12:00:00,59,42.0,1.0,7.0,0.644,0.075,1.224,1.508,0.154,8.569,0.218,0.511,0.16,1.529
MHW,2022-06-27 12:00:00,2022-07-19 12:00:00,59,43.0,1.0,23.0,0.284,0.042,1.835,2.292,0.263,42.216,0.59,1.139,0.288,13.563
MHW,2022-08-28 12:00:00,2022-09-08 12:00:00,59,44.0,1.0,12.0,0.073,1.033,1.734,2.038,0.209,20.804,0.441,0.704,0.197,5.294
MHW,2022-09-24 12:00:00,2022-10-21 12:00:00,59,45.0,1.0,28.0,0.169,0.047,1.868,2.583,0.319,52.302,0.421,1.193,0.343,11.78
MHW,2022-11-27 12:00:00,2022-12-02 12:00:00,59,46.0,1.0,6.0,0.08,0.658,1.616,1.719,0.086,9.695,0.273,0.359,0.091,1.636
MHW,2023-04-21 12:00:00,2023-04-26 12:00:00,59,47.0,1.0,6.0,0.763,0.467,2.53,3.053,0.357,15.178,0.975,1.464,0.339,5.852
MHW,2023-05-02 12:00:00,2023-05-14 12:00:00,59,48.0,2.0,13.0,0.455,0.174,2.082,2.659,0.362,27.06,0.829,1.29,0.327,10.778
MHW,2023-05-20 12:00:00,2023-05-25 12:00:00,59,49.0,1.0,6.0,0.049,0.324,1.227,1.339,0.069,7.362,0.154,0.27,0.07,0.923
MHW,2023-09-04 12:00:00,2023-09-10 12:00:00,59,50.0,1.0,7.0,0.295,0.106,1.766,2.063,0.208,12.363,0.451,0.761,0.205,3.158
MHW,2023-10-16 12:00:00,2023-10-21 12:00:00,59,51.0,1.0,6.0,0.753,0.234,2.037,2.601,0.317,12.223,0.552,1.131,0.326,3.309
MHW,2023-11-02 12:00:00,2023-11-06 12:00:00,59,52.0,1.0,5.0,0.141,0.436,2.043,2.191,0.121,10.215,0.568,0.727,0.117,2.841
MHW,2023-11-15 12:00:00,2023-11-19 12:00:00,59,53.0,1.0,5.0,0.321,0.921,2.138,2.573,0.335,10.692,0.739,1.185,0.334,3.694
MCS,2010-03-19 12:00:00,2010-03-23 12:00:00,59,1.0,1.0,5.0,-0.195,-0.138,-1.88,-2.043,0.102,-9.401,-0.166,-0.334,0.105,-0.828
MCS,2010-11-24 12:00:00,2010-12-15 12:00:00,59,2.0,1.0,22.0,-0.076,-0.185,-1.909,-2.449,0.301,-41.991,-0.604,-1.074,0.264,-13.292
MCS,2011-01-14 12:00:00,2011-01-18 12:00:00,59,3.0,1.0,5.0,-0.22,-0.213,-1.909,-2.076,0.163,-9.544,-0.47,-0.637,0.163,-2.35
MCS,2018-12-28 12:00:00,2019-01-01 12:00:00,59,4.0,1.0,5.0,-0.18,-0.03,-1.607,-1.656,0.027,-8.033,-0.068,-0.113,0.024,-0.342
MCS,2022-01-14 12:00:00,2022-01-18 12:00:00,59,5.0,1.0,5.0,-0.205,-0.455,-1.738,-1.978,0.179,-8.692,-0.3,-0.539,0.179,-1.499
MCS,2022-01-28 12:00:00,2022-02-02 12:00:00,59,6.0,1.0,6.0,-0.676,-0.382,-2.202,-2.573,0.423,-13.211,-0.829,-1.211,0.428,-4.973
MCS,2022-04-17 12:00:00,2022-04-21 12:00:00,59,7.0,1.0,5.0,-0.724,-0.206,-2.101,-2.432,0.292,-10.505,-0.382,-0.679,0.271,-1.911
MCS,2022-04-26 12:00:00,2022-05-05 12:00:00,59,8.0,1.0,10.0,-0.208,-0.156,-2.31,-2.558,0.219,-23.102,-0.811,-1.059,0.26,-8.107
MCS,2022-05-10 12:00:00,2022-05-19 12:00:00,59,9.0,1.0,10.0,-0.458,-0.137,-1.348,-1.976,0.244,-13.484,-0.209,-0.783,0.218,-2.093
MHW,2010-01-25 12:00:00,2010-01-29 12:00:00,75,1.0,1.0,5.0,0.542,0.2,1.854,2.107,0.169,9.271,0.382,0.658,0.193,1.909
MHW,2010-05-13 12:00:00,2010-05-19 12:00:00,75,2.0,2.0,7.0,1.829,0.45,2.542,3.44,0.844,17.794,1.393,2.281,0.845,9.753
MHW,2010-06-11 12:00:00,2010-06-15 12:00:00,75,3.0,1.0,5.0,0.34,0.133,1.172,1.431,0.137,5.858,0.179,0.438,0.137,0.897
MHW,2013-02-01 12:00:00,2013-02-06 12:00:00,75,4.0,3.0,6.0,1.628,1.285,3.63,5.291,1.554,21.78,2.134,3.79,1.553,12.804
MHW,2013-03-30 12:00:00,2013-04-09 12:00:00,75,5.0,2.0,11.0,0.8,0.175,2.755,3.38,0.436,30.302,1.049,1.697,0.446,11.541
MHW,2013-04-19 12:00:00,2013-05-07 12:00:00,75,6.0,2.0,19.0,0.818,0.123,2.423,3.389,0.599,46.046,0.901,1.72,0.564,17.115
MHW,2013-12-08 12:00:00,2013-12-21 12:00:00,75,7.0,2.0,14.0,0.159,0.394,2.152,2.915,0.451,30.122,0.742,1.466,0.442,10.391
MHW,2014-05-04 12:00:00,2014-05-13 12:00:00,75,8.0,3.0,10.0,0.672,0.506,2.395,4.238,0.908,23.95,1.101,2.938,0.905,11.009
MHW,2014-06-15 12:00:00,2014-06-20 12:00:00,75,9.0,2.0,6.0,0.48,0.368,1.923,2.392,0.428,11.54,0.933,1.401,0.429,5.595
MHW,2014-08-29 12:00:00,2014-10-04 12:00:00,75,10.0,1.0,37.0,0.042,0.157,1.869,2.548,0.254,69.167,0.429,1.135,0.26,15.856
MHW,2014-10-15 12:00:00,2014-10-20 12:00:00,75,11.0,2.0,6.0,0.565,0.344,2.514,2.987,0.512,15.083,1.097,1.57,0.513,6.58
MHW,2014-11-14 12:00:00,2014-11-29 12:00:00,75,12.0,1.0,16.0,0.202,0.128,1.826,2.508,0.268,29.221,0.539,1.196,0.266,8.63
MHW,2015-01-30 12:00:00,2015-02-07 12:00:00,75,13.0,4.0,9.0,0.849,1.042,3.649,6.122,1.461,32.837,2.147,4.621,1.451,19.327
MHW,2015-04-09 12:00:00,2015-04-15 12:00:00,75,14.0,2.0,7.0,0.955,0.361,3.143,3.614,0.447,22.0,1.383,1.862,0.448,9.681
MHW,2015-04-20 12:00:00,2015-04-30 12:00:00,75,15.0,1.0,11.0,0.764,0.146,2.662,3.041,0.34,29.277,1.087,1.397,0.297,11.955
MHW,2015-05-04 12:00:00,2015-05-17 12:00:00,75,16.0,1.0,14.0,0.525,0.067,1.528,1.768,0.114,21.386,0.276,0.345,0.099,3.857
MHW,2015-06-01 12:00:00,2015-06-05 12:00:00,75,17.0,1.0,5.0,0.167,0.157,1.243,1.411,0.101,6.214,0.269,0.442,0.103,1.347
MHW,2015-09-07 12:00:00,2015-09-15 12:00:00,75,18.0,1.0,9.0,0.148,0.41,1.933,2.263,0.184,17.401,0.449,0.753,0.173,4.045
MHW,2015-09-22 12:00:00,2015-09-29 12:00:00,75,19.0,2.0,8.0,0.597,0.831,3.143,4.064,0.986,25.14,1.732,2.667,0.99,13.854
MHW,2015-12-08 12:00:00,2015-12-17 12:00:00,75,20.0,1.0,10.0,0.092,0.888,1.88,2.306,0.242,18.804,0.502,0.857,0.217,5.024
MHW,2016-03-06 12:00:00,2016-03-16 12:00:00,75,21.0,1.0,11.0,0.214,0.44,2.377,3.037,0.297,26.143,0.737,1.36,0.278,8.109
MHW,2016-04-07 12:00:00,2016-04-15 12:00:00,75,22.0,1.0,9.0,0.328,0.326,2.198,2.484,0.216,19.779,0.443,0.716,0.211,3.985
MHW,2016-05-15 12:00:00,2016-06-05 12:00:00,75,23.0,2.0,22.0,0.203,0.101,1.787,2.636,0.403,39.31,0.724,1.508,0.401,15.926
MHW,2016-07-01 12:00:00,2016-07-15 12:00:00,75,24.0,2.0,15.0,0.203,0.188,1.919,2.733,0.447,28.792,0.744,1.562,0.448,11.162
MHW,2016-08-03 12:00:00,2016-08-07 12:00:00,75,25.0,2.0,5.0,0.727,0.291,2.154,2.493,0.281,10.769,0.963,1.298,0.279,4.815
MHW,2016-08-10 12:00:00,2016-08-18 12:00:00,75,26.0,1.0,9.0,0.247,0.263,1.815,2.362,0.419,16.334,0.622,1.18,0.417,5.6
MHW,2016-09-23 12:00:00,2016-09-28 12:00:00,75,27.0,1.0,6.0,1.295,0.159,1.7,2.009,0.233,10.202,0.291,0.575,0.216,1.749
MHW,2016-10-10 12:00:00,2016-10-15 12:00:00,75,28.0,1.0,6.0,0.312,0.106,1.97,2.121,0.124,11.82,0.529,0.665,0.126,3.172
MHW,2016-10-22 12:00:00,2016-10-29 12:00:00,75,29.0,1.0,8.0,0.437,0.32,2.262,2.9,0.475,18.094,0.797,1.442,0.474,6.379
MHW,2017-02-02 12:00:00,2017-02-06 12:00:00,75,30.0,1.0,5.0,0.161,0.134,1.644,1.793,0.089,8.221,0.153,0.301,0.084,0.767
MHW,2017-02-11 12:00:00,2017-02-22 12:00:00,75,31.0,1.0,12.0,0.232,0.213,2.345,2.889,0.389,28.14,0.85,1.393,0.368,10.199
MHW,2017-06-19 12:00:00,2017-07-27 12:00:00,75,32.0,2.0,39.0,0.1,0.032,1.652,2.243,0.319,64.444,0.5,1.123,0.333,19.494
MHW,2017-08-05 12:00:00,2017-08-11 12:00:00,75,33.0,1.0,7.0,0.283,0.205,1.988,2.329,0.195,13.913,0.808,1.151,0.191,5.659
MHW,2017-08-27 12:00:00,2017-09-15 12:00:00,75,34.0,1.0,20.0,0.111,0.111,2.047,2.69,0.39,40.941,0.606,1.236,0.381,12.119
MHW,2018-01-15 12:00:00,2018-01-19 12:00:00,75,35.0,3.0,5.0,1.06,1.298,4.606,5.351,0.864,23.032,3.136,3.881,0.861,15.679
MHW,2018-06-17 12:00:00,2018-06-22 12:00:00,75,36.0,1.0,6.0,0.383,0.102,1.298,1.555,0.159,7.788,0.304,0.565,0.158,1.821
MHW,2019-03-16 12:00:00,2019-03-20 12:00:00,75,37.0,2.0,5.0,1.915,0.97,3.195,4.919,1.072,15.974,1.513,3.243,1.075,7.567
MHW,2020-07-29 12:00:00,2020-08-05 12:00:00,75,38.0,1.0,8.0,0.111,0.043,1.336,1.466,0.069,10.685,0.124,0.241,0.059,0.992
MHW,2020-11-06 12:00:00,2020-11-12 12:00:00,75,39.0,2.0,7.0,0.523,0.813,2.276,3.308,0.659,15.934,0.883,1.922,0.668,6.181
MHW,2020-12-10 12:00:00,2020-12-15 12:00:00,75,40.0,1.0,6.0,0.582,0.436,2.127,2.718,0.461,12.764,0.753,1.355,0.467,4.517
MHW,2021-04-22 12:00:00,2021-04-29 12:00:00,75,41.0,1.0,8.0,0.136,0.313,1.944,2.321,0.249,15.554,0.381,0.775,0.25,3.047
MHW,2021-09-19 12:00:00,2021-09-30 12:00:00,75,42.0,1.0,12.0,0.093,0.194,1.902,2.299,0.235,22.824,0.475,0.901,0.238,5.704
MHW,2022-03-31 12:00:00,2022-04-08 12:00:00,75,43.0,3.0,9.0,1.659,0.712,4.056,5.804,1.369,36.506,2.354,4.122,1.38,21.183
MHW,2022-06-08 12:00:00,2022-06-14 12:00:00,75,44.0,1.0,7.0,0.207,0.131,1.341,1.555,0.146,9.388,0.348,0.563,0.146,2.437
MHW,2022-07-03 12:00:00,2022-07-17 12:00:00,75,45.0,2.0,15.0,0.623,0.11,1.826,2.532,0.345,27.385,0.637,1.385,0.356,9.548
MHW,2022-08-29 12:00:00,2022-09-08 12:00:00,75,46.0,1.0,11.0,0.393,0.123,2.077,2.304,0.227,22.851,0.654,0.904,0.23,7.195
MHW,2022-09-11 12:00:00,2022-10-26 12:00:00,75,47.0,2.0,46.0,0.081,0.056,2.053,2.953,0.303,94.439,0.611,1.566,0.337,28.092
MHW,2022-10-29 12:00:00,2022-11-13 12:00:00,75,48.0,1.0,16.0,0.097,0.099,1.779,2.213,0.196,28.456,0.351,0.771,0.189,5.609
MHW,2022-11-18 12:00:00,2022-12-04 12:00:00,75,49.0,1.0,17.0,0.063,0.136,1.904,2.229,0.222,32.37,0.634,0.981,0.231,10.777
MHW,2022-12-15 12:00:00,2022-12-22 12:00:00,75,50.0,2.0,8.0,0.393,0.792,3.222,3.818,0.657,25.775,1.75,2.325,0.659,14.0
MHW,2023-04-21 12:00:00,2023-04-25 12:00:00,75,51.0,1.0,5.0,0.255,2.233,2.105,2.483,0.362,10.524,0.483,0.902,0.38,2.414
MHW,2023-05-07 12:00:00,2023-05-13 12:00:00,75,52.0,2.0,7.0,1.037,0.372,2.492,3.225,0.561,17.441,1.214,1.894,0.529,8.497
MHW,2023-05-19 12:00:00,2023-05-25 12:00:00,75,53.0,1.0,7.0,0.21,0.163,1.533,1.761,0.197,10.728,0.407,0.632,0.198,2.851
MHW,2023-09-02 12:00:00,2023-09-10 12:00:00,75,54.0,1.0,9.0,0.062,0.689,1.682,1.941,0.155,15.137,0.242,0.476,0.147,2.177
MHW,2023-10-16 12:00:00,2023-10-20 12:00:00,75,55.0,1.0,5.0,0.574,0.191,1.946,2.271,0.207,9.729,0.53,0.855,0.21,2.649
MHW,2023-11-02 12:00:00,2023-11-06 12:00:00,75,56.0,1.0,5.0,0.834,0.133,1.705,1.955,0.146,8.527,0.246,0.484,0.138,1.229
MCS,1971-09-05 12:00:00,1971-09-09 12:00:00,75,1.0,1.0,5.0,-0.246,-1.96,-1.731,-1.96,0.13,-8.656,-0.354,-0.595,0.137,-1.771
MCS,2010-05-28 12:00:00,2010-06-01 12:00:00,75,2.0,1.0,5.0,-0.241,-0.241,-1.294,-1.62,0.204,-6.468,-0.303,-0.632,0.207,-1.513
MCS,2010-11-30 12:00:00,2010-12-14 12:00:00,75,3.0,1.0,15.0,-0.144,-0.191,-1.705,-2.131,0.275,-25.578,-0.567,-0.966,0.256,-8.512
MCS,2012-07-11 12:00:00,2012-07-16 12:00:00,75,4.0,1.0,6.0,-0.32,-0.062,-1.413,-1.63,0.154,-8.479,-0.255,-0.477,0.154,-1.53
MCS,2022-04-16 12:00:00,2022-05-11 12:00:00,75,5.0,2.0,26.0,-0.147,-0.141,-2.209,-3.14,0.523,-57.443,-0.712,-1.592,0.482,-18.507
MHW,2010-07-03 12:00:00,2010-07-10 12:00:00,98,1.0,1.0,8.0,0.116,0.253,1.403,1.687,0.199,11.221,0.353,0.634,0.2,2.827
MHW,2011-11-07 12:00:00,2011-11-11 12:00:00,98,2.0,1.0,5.0,0.222,0.21,1.386,1.489,0.06,6.931,0.265,0.377,0.066,1.324
MHW,2013-02-01 12:00:00,2013-02-05 12:00:00,98,3.0,2.0,5.0,0.926,0.744,2.704,3.366,0.824,13.522,1.462,2.128,0.826,7.308
MHW,2013-03-30 12:00:00,2013-04-09 12:00:00,98,4.0,2.0,11.0,1.18,0.236,2.536,3.781,0.526,27.891,0.901,2.114,0.508,9.91
MHW,2013-04-12 12:00:00,2013-04-24 12:00:00,98,5.0,2.0,13.0,0.296,0.692,2.518,4.176,0.892,32.74,0.955,2.645,0.92,12.414
MHW,2013-04-28 12:00:00,2013-05-06 12:00:00,98,6.0,2.0,9.0,0.442,0.327,2.45,3.286,0.54,22.049,1.055,1.881,0.555,9.498
MHW,2013-06-22 12:00:00,2013-07-03 12:00:00,98,7.0,1.0,12.0,0.686,0.075,1.575,1.848,0.214,18.9,0.521,0.794,0.215,6.247
MHW,2013-07-07 12:00:00,2013-07-14 12:00:00,98,8.0,1.0,8.0,0.081,1.844,1.456,1.621,0.138,11.651,0.411,0.579,0.141,3.286
MHW,2013-12-07 12:00:00,2013-12-19 12:00:00,98,9.0,2.0,13.0,0.238,0.898,1.895,3.142,0.83,24.633,0.825,2.033,0.817,10.73
MHW,2014-01-05 12:00:00,2014-01-17 12:00:00,98,10.0,2.0,13.0,0.236,0.232,1.964,2.595,0.296,25.526,0.691,1.305,0.29,8.977
MHW,2014-05-05 12:00:00,2014-05-10 12:00:00,98,11.0,2.0,6.0,0.847,0.606,2.354,3.222,0.581,14.122,1.053,1.912,0.57,6.317
MHW,2014-06-14 12:00:00,2014-06-19 12:00:00,98,12.0,2.0,6.0,0.324,0.451,1.831,2.163,0.275,10.986,0.765,1.099,0.277,4.59
MHW,2014-07-02 12:00:00,2014-07-09 12:00:00,98,13.0,1.0,8.0,0.119,0.218,1.449,1.669,0.178,11.596,0.399,0.623,0.18,3.191
MHW,2014-08-19 12:00:00,2014-08-31 12:00:00,98,14.0,1.0,13.0,0.065,0.345,1.807,2.205,0.211,23.497,0.369,0.729,0.212,4.799
MHW,2014-09-03 12:00:00,2014-09-29 12:00:00,98,15.0,2.0,27.0,0.683,0.06,2.307,2.999,0.411,62.299,0.853,1.517,0.403,23.036
MHW,2014-10-15 12:00:00,2014-10-31 12:00:00,98,16.0,2.0,17.0,1.884,0.115,1.962,3.097,0.49,33.346,0.676,1.728,0.46,11.486
MHW,2014-11-08 12:00:00,2014-11-25 12:00:00,98,17.0,2.0,18.0,0.104,0.171,1.59,2.287,0.3,28.619,0.518,1.228,0.317,9.315
MHW,2015-01-30 12:00:00,2015-02-03 12:00:00,98,18.0,3.0,5.0,0.592,2.692,2.692,3.869,0.868,13.458,1.453,2.631,0.869,7.265
MHW,2015-02-06 12:00:00,2015-02-14 12:00:00,98,19.0,1.0,9.0,0.179,0.136,1.953,2.278,0.167,17.576,0.646,0.989,0.188,5.816
MHW,2015-04-09 12:00:00,2015-04-13 12:00:00,98,20.0,2.0,5.0,1.77,0.88,3.245,4.479,0.79,16.226,1.629,2.868,0.792,8.147
MHW,2015-04-20 12:00:00,2015-04-29 12:00:00,98,21.0,2.0,10.0,1.558,0.294,3.115,3.906,0.673,31.154,1.636,2.389,0.65,16.356
MHW,2015-05-09 12:00:00,2015-05-16 12:00:00,98,22.0,1.0,8.0,0.101,0.339,1.822,2.135,0.204,14.578,0.605,0.943,0.193,4.84
MHW,2015-05-23 12:00:00,2015-06-05 12:00:00,98,23.0,1.0,14.0,0.058,0.332,1.293,1.783,0.198,18.106,0.229,0.738,0.213,3.205
MHW,2015-06-18 12:00:00,2015-06-23 12:00:00,98,24.0,1.0,6.0,0.181,0.136,1.316,1.525,0.141,7.895,0.263,0.475,0.144,1.578
MHW,2015-09-07 12:00:00,2015-09-15 12:00:00,98,25.0,1.0,9.0,0.26,0.209,2.319,2.613,0.25,20.872,0.839,1.139,0.249,7.553
MHW,2015-09-23 12:00:00,2015-09-28 12:00:00,98,26.0,3.0,6.0,1.259,0.95,3.063,4.638,1.091,18.378,1.657,3.242,1.086,9.941
MHW,2015-12-05 12:00:00,2015-12-18 12:00:00,98,27.0,2.0,14.0,0.154,0.343,1.976,2.545,0.387,27.657,0.91,1.51,0.394,12.743
MHW,2016-03-08 12:00:00,2016-03-18 12:00:00,98,28.0,1.0,11.0,0.287,0.375,2.646,3.561,0.527,29.105,0.811,1.721,0.527,8.923
MHW,2016-04-07 12:00:00,2016-04-15 12:00:00,98,29.0,1.0,9.0,0.293,0.245,2.251,2.588,0.279,20.256,0.636,0.967,0.275,5.721
MHW,2016-05-14 12:00:00,2016-06-05 12:00:00,98,30.0,2.0,23.0,0.087,0.198,1.843,2.682,0.507,42.38,0.741,1.625,0.501,17.053
MHW,2016-07-02 12:00:00,2016-07-11 12:00:00,98,31.0,2.0,10.0,0.214,0.353,1.583,2.24,0.347,15.83,0.534,1.188,0.346,5.337
MHW,2016-07-14 12:00:00,2016-07-19 12:00:00,98,32.0,1.0,6.0,0.177,1.698,1.305,1.435,0.117,7.832,0.253,0.37,0.118,1.519
MHW,2016-10-10 12:00:00,2016-10-15 12:00:00,98,33.0,1.0,6.0,0.2,0.441,1.758,2.086,0.234,10.548,0.393,0.714,0.229,2.357
MHW,2016-10-21 12:00:00,2016-10-27 12:00:00,98,34.0,2.0,7.0,0.288,0.569,2.196,2.804,0.342,15.37,0.926,1.537,0.348,6.48
MHW,2017-01-25 12:00:00,2017-02-23 12:00:00,98,35.0,2.0,30.0,0.093,0.266,2.136,3.466,0.58,64.078,0.798,2.043,0.5,23.938
MHW,2017-06-08 12:00:00,2017-07-19 12:00:00,98,36.0,2.0,42.0,0.06,0.07,1.533,2.423,0.386,64.385,0.478,1.365,0.388,20.059
MHW,2017-08-05 12:00:00,2017-08-11 12:00:00,98,37.0,2.0,7.0,0.543,0.3,2.483,2.981,0.276,17.38,1.227,1.732,0.283,8.588
MHW,2017-08-26 12:00:00,2017-09-21 12:00:00,98,38.0,2.0,27.0,0.254,0.148,2.379,3.52,0.574,64.225,0.906,2.038,0.57,24.467
MHW,2018-05-12 12:00:00,2018-05-19 12:00:00,98,39.0,1.0,8.0,0.851,0.051,1.365,1.53,0.106,10.919,0.185,0.31,0.088,1.478
MHW,2018-06-18 12:00:00,2018-06-22 12:00:00,98,40.0,1.0,5.0,1.674,0.144,1.732,1.976,0.194,8.662,0.68,0.916,0.191,3.4
MHW,2019-03-15 12:00:00,2019-03-19 12:00:00,98,41.0,1.0,5.0,0.664,0.658,2.497,3.335,0.561,12.486,0.65,1.486,0.561,3.252
MHW,2019-07-13 12:00:00,2019-07-18 12:00:00,98,42.0,1.0,6.0,0.16,0.499,1.406,1.645,0.23,8.438,0.358,0.593,0.229,2.148
MHW,2019-09-08 12:00:00,2019-09-14 12:00:00,98,43.0,1.0,7.0,0.697,0.27,1.883,2.546,0.4,13.18,0.402,1.062,0.396,2.813
MHW,2019-10-19 12:00:00,2019-10-23 12:00:00,98,44.0,1.0,5.0,0.266,0.101,1.469,1.581,0.084,7.346,0.167,0.265,0.087,0.835
MHW,2020-12-09 12:00:00,2020-12-14 12:00:00,98,45.0,2.0,6.0,0.867,0.56,1.874,2.931,0.586,11.244,0.828,1.884,0.587,4.97
MHW,2021-04-17 12:00:00,2021-04-30 12:00:00,98,46.0,1.0,14.0,0.119,0.291,2.219,2.844,0.336,31.067,0.724,1.378,0.342,10.135
MHW,2021-05-17 12:00:00,2021-05-21 12:00:00,98,47.0,1.0,5.0,0.233,0.108,1.357,1.405,0.029,6.784,0.207,0.249,0.024,1.033
MHW,2021-06-19 12:00:00,2021-06-23 12:00:00,98,48.0,2.0,5.0,1.531,0.219,1.711,2.122,0.246,8.554,0.659,1.069,0.245,3.297
MHW,2021-12-11 12:00:00,2021-12-15 12:00:00,98,49.0,3.0,5.0,1.596,0.748,2.097,3.727,0.975,10.487,1.054,2.685,0.976,5.268
MHW,2022-04-01 12:00:00,2022-04-06 12:00:00,98,50.0,2.0,6.0,4.077,0.686,3.04,4.935,1.162,18.242,1.405,3.281,1.151,8.432
MHW,2022-06-08 12:00:00,2022-06-13 12:00:00,98,51.0,1.0,6.0,0.451,0.219,1.537,1.889,0.287,9.219,0.47,0.823,0.286,2.819
MHW,2022-08-26 12:00:00,2022-09-07 12:00:00,98,52.0,2.0,13.0,0.373,0.237,2.268,3.129,0.498,29.486,0.793,1.653,0.495,10.308
MHW,2022-09-11 12:00:00,2022-12-24 12:00:00,98,53.0,3.0,105.0,0.028,0.377,2.279,4.016,0.49,239.251,1.054,2.907,0.474,110.638
MHW,2023-06-22 12:00:00,2023-07-06 12:00:00,98,54.0,1.0,15.0,0.041,0.89,1.285,1.591,0.168,19.276,0.232,0.546,0.168,3.479
MHW,2023-08-24 12:00:00,2023-09-06 12:00:00,98,55.0,1.0,14.0,0.064,0.18,1.81,2.094,0.181,25.346,0.343,0.623,0.179,4.806
MHW,2023-10-17 12:00:00,2023-10-21 12:00:00,98,56.0,1.0,5.0,0.472,0.308,1.941,2.333,0.356,9.706,0.598,0.972,0.339,2.992
MHW,2023-11-16 12:00:00,2023-11-23 12:00:00,98,57.0,2.0,8.0,0.974,0.288,2.047,2.898,0.54,16.376,0.994,1.867,0.549,7.955
MCS,1971-09-03 12:00:00,1971-09-07 12:00:00,98,1.0,1.0,5.0,-0.09,-1.578,-1.445,-1.578,0.124,-7.227,-0.265,-0.415,0.136,-1.325
MCS,2010-04-21 12:00:00,2010-04-25 12:00:00,98,2.0,1.0,5.0,-0.167,-0.405,-2.113,-2.306,0.11,-10.564,-0.506,-0.721,0.115,-2.529
MCS,2010-05-29 12:00:00,2010-06-05 12:00:00,98,3.0,1.0,8.0,-0.277,-0.159,-1.829,-2.052,0.154,-14.636,-0.71,-0.94,0.162,-5.682
MCS,2010-11-09 12:00:00,2010-11-16 12:00:00,98,4.0,1.0,8.0,-0.232,-0.335,-1.577,-1.85,0.251,-12.617,-0.565,-0.853,0.262,-4.517
MCS,2010-12-01 12:00:00,2010-12-14 12:00:00,98,5.0,2.0,14.0,-0.107,-0.175,-1.409,-1.881,0.261,-19.722,-0.475,-0.971,0.274,-6.643
MCS,2012-07-09 12:00:00,2012-07-16 12:00:00,98,6.0,1.0,8.0,-0.311,-0.162,-1.66,-2.14,0.281,-13.28,-0.384,-0.853,0.27,-3.073
MCS,2013-07-16 12:00:00,2013-07-23 12:00:00,98,7.0,2.0,8.0,-0.582,-0.697,-2.615,-3.457,0.703,-20.916,-1.403,-2.259,0.712,-11.224
MCS,2016-04-28 12:00:00,2016-05-04 12:00:00,98,8.0,1.0,7.0,-0.257,-0.463,-2.081,-2.509,0.306,-14.564,-0.532,-0.944,0.289,-3.726
MCS,2018-10-17 12:00:00,2018-10-21 12:00:00,98,9.0,1.0,5.0,-0.132,-0.434,-1.439,-1.605,0.15,-7.197,-0.324,-0.489,0.149,-1.618
MCS,2019-04-21 12:00:00,2019-04-25 12:00:00,98,10.0,1.0,5.0,-0.118,-0.197,-1.944,-2.055,0.125,-9.719,-0.337,-0.47,0.141,-1.683
MCS,2021-01-03 12:00:00,2021-01-07 12:00:00,98,11.0,1.0,5.0,-0.232,-0.4,-1.427,-1.667,0.145,-7.137,-0.164,-0.381,0.134,-0.82
MCS,2021-01-10 12:00:00,2021-01-15 12:00:00,98,12.0,1.0,6.0,-0.244,-0.128,-1.661,-1.849,0.183,-9.965,-0.417,-0.6,0.197,-2.504
MCS,2022-01-22 12:00:00,2022-02-02 12:00:00,98,13.0,1.0,12.0,-0.121,-0.383,-1.848,-2.174,0.327,-22.171,-0.681,-1.015,0.328,-8.176
MCS,2022-04-15 12:00:00,2022-05-05 12:00:00,98,14.0,1.0,21.0,-0.089,-0.131,-2.189,-2.619,0.316,-45.959,-0.586,-1.038,0.32,-12.309
